target_tokens,actual_tokens,batch_size,batch_samples,total_requests,wall_p50_ms,wall_p95_ms,throughput_requests_per_s,queue_p50_ms,inference_p50_ms
16,17,1,3,3,37.44504200585652,84.04017950088019,18.40565605882085,4.570040997350588,20.04083299834747
16,17,2,3,6,40.01716700440738,111.98686670104507,30.15144179597437,4.598396000801586,22.935000000870787
16,17,4,3,12,35.86195799289271,154.50355800276157,50.53821471984908,4.608791503414977,30.191541998647153
16,17,8,3,24,48.46950000501238,171.67972500465112,85.17717517528439,4.624062501534354,42.635624995455146
64,64,1,3,3,33.998124999925494,134.81301279971376,14.303764274188023,4.587708011968061,24.23641701170709
64,64,2,3,6,38.25662499002647,125.22167470451676,28.616141429743784,4.5891250047134236,32.71541699359659
64,64,4,3,12,57.11399999563582,154.77933780639432,43.71811635545453,4.620228493877221,45.97600000852253
64,64,8,3,24,94.36729199660476,186.04440419294406,64.54349929642383,4.637187994376291,75.57287500821985
256,256,1,3,3,59.459374999278225,76.32514999713749,15.597352554943592,4.588291994878091,49.15870800323319
256,256,2,3,6,96.2786669988418,97.87515448842896,21.072681386202508,4.595208010869101,87.18133298680186
256,256,4,3,12,161.86370899959002,187.33142120327102,23.394870205725315,4.600312509865034,156.30462500848807
256,256,8,3,24,306.1686250002822,323.62851250363747,25.721821978208567,4.640146500605624,290.1894170063315
